Product Name,Manufacturer,Date Last Verified,Revision Date,CAS #,Product Code,Supplier,Document ID,Custom 1,Custom 2,Date Modified,Date Added,Added By,Regulatory Formats,Added To Queue By,Status,Language,UN/NA #,Approval,Approval Number
"SLIPKOTE Air Tool Oil 150, Husky air tool oil – HDA10800AV, Campbell Hausfeld (CH) air tool oil – ST127001AV, ST127012AV",SPECIALTY LUBRICANTS CORP,4/15/2026 12:00:00 AM,3/4/2015 12:00:00 AM,,"10640, 045564101268, ST1270, ST127012AV",Campbell-Hausfeld,148009872,,,3/10/2026,3/10/2026, VelocityEHS,"United States, Globally Harmonized System (GHS) ", ,In Use,English,,Approved,
Fluid Film Aerosol AS,Eureka Chemical Company,3/18/2026 12:00:00 AM,2/1/2026 12:00:00 AM,,081991002075,,154772322,,,2/25/2026,2/25/2026,Alex Tan,"United States, Canada, Globally Harmonized System (GHS) ", ,In Use,English,,Approved,
MOBIL DTE 25 ULTRA,Exxon Mobil Corporation,4/17/2026 12:00:00 AM,8/30/2024 12:00:00 AM,,20156010Q040_1228252,,154554452,,,4/8/2026,1/29/2026,Trent Simko,"United States, Globally Harmonized System (GHS) ", ,In Use,English,,Approved,
Ethyl Mercaptan,Chevron Phillips Chemical Company LP,9/2/2025 12:00:00 AM,9/2/2025 12:00:00 AM,75-08-1,"1118972, 1111485, 1024772, 1086422, 1086423, 1021429, 1021431, 1021426, 1021430, 1021425, 1021424, 1024773, 1024771, 1024770, 1021427, 1026776, 1021428, 1104918",,154503110,,,1/22/2026,1/22/2026,Alex Tan,"United States, Globally Harmonized System (GHS) ", ,In Use,English,,Approved,
M*95,"Spartan Chemical Company, Inc.",1/13/2026 12:00:00 AM,10/30/2025 12:00:00 AM,,"7115 , 7495, 7105",,154345790,,,1/9/2026,1/9/2026,Alex Tan,"United States, Globally Harmonized System (GHS) ", ,In Use,English,,Approved,
LOCTITE LB 8801 SIL. LUB. DIELECTRIC GREASE known as Loctite Silicone Lubricant,Henkel Corporation,1/26/2026 12:00:00 AM,10/10/2025 12:00:00 AM,,51360,,154345730,,,1/9/2026,1/9/2026,Alex Tan,"United States, Globally Harmonized System (GHS) ", ,In Use,English,,Approved,
LOCTITE LB 8009 HEAVY DUTY ANTI-SEIZE known as Heavy Duty Anti-Seize,Henkel Canada Corporation,12/3/2025 12:00:00 AM,10/10/2025 12:00:00 AM,,51605,,154345668,,,1/9/2026,1/9/2026,Alex Tan,"Canada, Globally Harmonized System (GHS) ", ,In Use,English,,Approved,
442 Natural Water Standard Solution,Hach Company,2/10/2025 12:00:00 AM,2/10/2025 12:00:00 AM,,2974849,,154193217,,,12/12/2025,12/12/2025,Alex Tan,"United States, Globally Harmonized System (GHS) ", ,In Use,English,,Approved,
"CDTA SOLUTION, 30ML SCDB",Hach Company,7/1/2025 12:00:00 AM,2/19/2025 12:00:00 AM,,2589723,,154193232,,,12/12/2025,12/12/2025,Alex Tan,"United States, Globally Harmonized System (GHS) ", ,In Use,English,,Approved,
Chlorophosphonazo Indicator Solution,Hach Company,7/1/2025 12:00:00 AM,2/28/2025 12:00:00 AM,,2589549,,154193199,,,12/12/2025,12/12/2025,Alex Tan,"United States, Globally Harmonized System (GHS) ", ,In Use,English,,Approved,
Iron Standard Solution 1.00 mg/L,Hach Company,11/8/2025 12:00:00 AM,2/10/2025 12:00:00 AM,,13949,,154193136,,,3/4/2026,12/12/2025,Alex Tan,"United States, Globally Harmonized System (GHS) ", ,In Use,English,,Approved,
HyVolt II NG,"Ergon, Inc.",11/12/2025 12:00:00 AM,4/2/2024 12:00:00 AM,,,,153898963,DTO,,1/23/2026,11/19/2025,Carolina Ayala,"United States, Globally Harmonized System (GHS) ", ,In Use,English,,Approved,
3H AVIATION FORM-A-GASKET #3 SEALANT .25PT,ITW Permatex,12/22/2025 12:00:00 AM,10/1/2024 12:00:00 AM,,"80019, 58931",ITW Permatex Canada,153436630,,,12/1/2025,11/19/2025,Heidi Lentz,"United States, Canada, Globally Harmonized System (GHS) ", ,In Use,English,,Approved,
TRAX,Highside Chemicals,2/4/2026 12:00:00 AM,3/25/2025 12:00:00 AM,,"24001, 24010, 24011, 24128, 24550",,153640536,,,10/14/2025,10/14/2025,Heidi Lentz,"United States, European Union, Globally Harmonized System (GHS) ", ,In Use,English,,Approved,
Loctite Threadlocker 2760 High Strength,Henkel Corporation,8/21/2025 12:00:00 AM,8/21/2025 12:00:00 AM,,32525,,153640412,,,10/14/2025,10/14/2025,Heidi Lentz,"United States, Globally Harmonized System (GHS) ", ,In Use,English,,Approved,
X-PANDO PIPE JOINT COMPOUND,X-PANDO PRODUCTS COMPANY,12/22/2025 12:00:00 AM,3/31/2022 12:00:00 AM,,,,144218247,,,3/26/2026,9/23/2025, VelocityEHS,"United States, Canada, Globally Harmonized System (GHS) ", ,In Use,English,,Approved,
Sodium Chloride Standard Solution,Hach Company,1/13/2026 12:00:00 AM,4/11/2025 12:00:00 AM,7647-14-5,1440042,,153417870,,,1/30/2026,9/22/2025,Buffy Smith,"United States, Globally Harmonized System (GHS) ", ,In Use,English,,Approved,
CLEAN BY PEROXY RTU HANDI SPRAY,"Spartan Chemical Company, Inc.",11/12/2025 12:00:00 AM,1/8/2025 12:00:00 AM,,3147,,153399453,,,9/18/2025,9/18/2025,Jamie Penicook,"United States, Globally Harmonized System (GHS) ", ,In Use,English,,Approved,
LOCTITE LB 8008 C5-A known as LOCTITE C5-A Copper Based An,Henkel Corporation,6/16/2025 12:00:00 AM,4/3/2025 12:00:00 AM,,39643,,153291066,,,9/3/2025,9/3/2025,Jamie Penicook,"United States, Globally Harmonized System (GHS) ", ,In Use,English,,Approved,
Aqua Ammonia (5-19.9%),"Airgas USA, LLC",11/6/2025 12:00:00 AM,6/10/2025 12:00:00 AM,1336-21-6,,,153197508,,,3/4/2026,8/20/2025,Harold Blocker,"United States, Globally Harmonized System (GHS) ", ,In Use,English,,Approved,
Molybdate 3 Reagent for Silica,Hach Company,7/1/2025 12:00:00 AM,2/10/2025 12:00:00 AM,,199549,,153105942,,,1/30/2026,8/5/2025,John Scholten,"United States, Globally Harmonized System (GHS) ", ,In Use,English,,Approved,
LOCTITE LB 8151 AE known as LOCTITE SILVER GRADE ANTI-SEI,Henkel Corporation,2/25/2026 12:00:00 AM,4/21/2025 12:00:00 AM,,76759,,152958964,,,3/4/2026,7/15/2025,John Scholten,"United States, Globally Harmonized System (GHS) ", ,In Use,English,,Approved,
Ammonia LR TNT Reagent Vial,Hach Company,2/13/2026 12:00:00 AM,2/10/2025 12:00:00 AM,,TNT831R,Hach Company,152958967,,,7/15/2025,7/15/2025,John Scholten,"United States, Globally Harmonized System (GHS) ", ,In Use,English,,Approved,
"CITGO Gasolines, All Grades Unleaded",CITGO Petroleum Corporation,10/28/2025 12:00:00 AM,8/17/2023 12:00:00 AM,,,,147870210,O-0427,,3/4/2026,7/15/2025,Connie Muncy,"United States, Globally Harmonized System (GHS) ", ,In Use,English,,Approved,
Sodium Chloride Standard Solution,Hach Company,8/5/2025 12:00:00 AM,4/11/2025 12:00:00 AM,,1440049,,152861184,,,1/30/2026,7/1/2025, VelocityEHS,"United States, Globally Harmonized System (GHS) ", ,In Use,English,,Approved,
Diesel Exhaust Fluid,Blue Sky East LLC,4/1/2026 12:00:00 AM,3/5/2019 12:00:00 AM,,,,49281378,,,7/1/2025,7/1/2025,Carolina Ayala,"United States, Globally Harmonized System (GHS) ", ,In Use,English,,Approved,
Citric Acid,Hach Company,2/13/2026 12:00:00 AM,2/10/2025 12:00:00 AM,77-92-9,2106269,,152832880,,,3/4/2026,6/30/2025,Jamie Penicook,"United States, Globally Harmonized System (GHS) ", ,In Use,English,,Approved,
Amino Acid F Reagent Solution,Hach Company,11/6/2025 12:00:00 AM,1/27/2025 12:00:00 AM,,"2386442, 25535-00",,152827999,Originally part of kit - 25535-00,,1/30/2026,6/30/2025,Cindy Emerson,"United States, Globally Harmonized System (GHS) ", ,In Use,English,,Approved,
LOCTITE 242 THREADLOCKER,Henkel Corporation,7/21/2025 12:00:00 AM,2/12/2025 12:00:00 AM,,24243,,152715876,,,6/12/2025,6/12/2025,Jamie Penicook,"United States, Globally Harmonized System (GHS) ", ,In Use,English,,Approved,
26BR HIGH TEMP RTV RED SILICONE GASKET MAKER 3 OZ,ITW Permatex,1/26/2026 12:00:00 AM,10/14/2024 12:00:00 AM,,"81160, 5611608, 686226811608",ITW Permatex Canada,152551718,,,3/4/2026,5/27/2025,Cindy Emerson,"United States, Canada, Globally Harmonized System (GHS) ", ,In Use,English,,Approved,
WD-40 Multi-Use Product Aerosol,WD-40 Company,5/1/2026 12:00:00 AM,11/13/2024 12:00:00 AM,,"079567490043, 079567110071, 079567100119, 079567421108, 10011, 11007, 42110, 49004, 10002, 10005, 10008, 10016, 10013, 10023, 079567100164",,152551724,O-1181,,4/27/2026,5/27/2025,Cindy Emerson,"United States, Globally Harmonized System (GHS) ", ,In Use,English,,Approved,
"Sulfuric Acid Standard Solution, 5.25 N",Hach Company,10/31/2025 12:00:00 AM,2/10/2025 12:00:00 AM,7664-93-9,"244932, 2448700",,152551733,,,5/26/2026,5/27/2025,Cindy Emerson,"United States, Globally Harmonized System (GHS) ", ,In Use,English,,Approved,
Ammonia LR TNT Reagent A,Hach Company,2/13/2026 12:00:00 AM,2/10/2025 12:00:00 AM,,TNT831A,,152500309,,,5/20/2025,5/20/2025,Buffy Smith,"United States, Globally Harmonized System (GHS) ", ,In Use,English,,Approved,
Amino Acid Reagent for Phosphate and Silica,Hach Company,6/3/2025 12:00:00 AM,2/10/2025 12:00:00 AM,,"193432, 1934-32",,152473491,,,5/14/2025,5/14/2025,Jamie Penicook,"United States, Globally Harmonized System (GHS) ", ,In Use,English,,Approved,
DPD Free Chlorine Reagent,Hach Company,3/18/2026 12:00:00 AM,2/10/2025 12:00:00 AM,,"2105569, 21055-69, 58700-00",,152411897,,,5/6/2025,5/6/2025,Buffy Smith,"United States, Globally Harmonized System (GHS) ", ,In Use,English,,Approved,
Activated Alumina D-201 3x6,UOP LLC,3/31/2020 12:00:00 AM,12/16/2014 12:00:00 AM,1344-28-1,,,50796088,O-0055,,4/28/2025,4/28/2025,Carolina MSDSonline,United States , ,In Use,English,,Approved,
Kling,BETCO CORPORATION,2/27/2025 12:00:00 AM,7/3/2023 12:00:00 AM,,"075, 700427075123",,152318107,,,4/22/2025,4/22/2025,John Scholten,"United States, Globally Harmonized System (GHS) ", ,In Use,English,,Approved,
pH Storage Solution,Hach Company,11/7/2025 12:00:00 AM,2/10/2025 12:00:00 AM,,2756549,,152205349,,,5/26/2026,4/8/2025,Carolina Ayala,"United States, Globally Harmonized System (GHS) ", ,In Use,English,,Approved,
KLEEN MCT113,"SUEZ WTS USA, Inc.",2/8/2023 12:00:00 AM,7/8/2022 12:00:00 AM,,,,146340854,,,1/23/2026,4/8/2025,Connie Muncy,"United States, Globally Harmonized System (GHS) ", ,In Use,English,,Approved,
KLEEN MCT405,"GE Betz, Inc.",12/8/2017 12:00:00 AM,6/29/2017 12:00:00 AM,,,,47001985,,,4/8/2025,4/8/2025,Carolina MSDSonline,"United States, Globally Harmonized System (GHS) ", ,In Use,English,,Approved,
MOBIL DTE OIL HEAVY MEDIUM,Exxon Mobil Corporation,5/13/2024 12:00:00 AM,1/16/2020 12:00:00 AM,,"201560501590, 600163-00, 970172, 4DNJ8, 4DNJ9",,143435916,,,4/8/2025,4/8/2025, VelocityEHS,"United States, Globally Harmonized System (GHS) ", ,In Use,English,,Approved,
RoClean L211,Avista Technologies Inc,5/10/2017 12:00:00 AM,5/10/2017 12:00:00 AM,,,,46175295,,,4/8/2025,4/8/2025,Carolina MSDSonline,"United States, Canada, European Union, Globally Harmonized System (GHS) ", ,In Use,English,,Approved,
EZCLEAN,OMEGASONICS,10/9/2023 12:00:00 AM,10/9/2023 12:00:00 AM,,,,152150933,,,4/2/2025,4/2/2025, Anonymous General User,"United States, Globally Harmonized System (GHS) ", ,In Use,English,,Approved,
PhosVer 3 Phosphate Reagent,Hach Company,3/18/2026 12:00:00 AM,2/10/2025 12:00:00 AM,,2106069,,151944359,,,4/8/2026,3/18/2025,Jamie Penicook,"United States, Globally Harmonized System (GHS) ", ,In Use,English,,Approved,
DPD Total Chlorine Reagent,Hach Company,2/23/2026 12:00:00 AM,2/10/2025 12:00:00 AM,,2105669,,151944343,,,3/4/2026,3/18/2025,Jamie Penicook,"United States, Globally Harmonized System (GHS) ", ,In Use,English,,Approved,
Vinegar,National Vinegar Co,1/13/2026 12:00:00 AM,7/20/2015 12:00:00 AM,,,,151944063,,,3/18/2025,3/18/2025,Jamie Penicook,"United States, Globally Harmonized System (GHS) ", ,In Use,English,,Approved,
FAST & EASY,"Spartan Chemical Company, Inc.",4/21/2026 12:00:00 AM,1/20/2025 12:00:00 AM,,3260; 3262,,151944016,,,3/18/2025,3/18/2025,Jamie Penicook,"United States, Globally Harmonized System (GHS) ", ,In Use,English,,Approved,
Buffer Solution pH 4.01 ± 0.02,Hach Company,1/13/2026 12:00:00 AM,2/10/2025 12:00:00 AM,,2283449,,151944056,,,4/8/2026,3/18/2025,Jamie Penicook,"United States, Globally Harmonized System (GHS) ", ,In Use,English,,Approved,
Buffer Solution pH 7.00 ± 0.02,Hach Company,1/13/2026 12:00:00 AM,2/10/2025 12:00:00 AM,,2283549,Hach Company,151944032,,,4/8/2026,3/18/2025,Jamie Penicook,"United States, Globally Harmonized System (GHS) ", ,In Use,English,,Approved,
Buffer Solution pH 10.01 ± 0.02,Hach Company,11/7/2025 12:00:00 AM,2/10/2025 12:00:00 AM,,2283649,,151944057,,,4/8/2026,3/18/2025,Jamie Penicook,"United States, Globally Harmonized System (GHS) ", ,In Use,English,,Approved,
EASY-OFF Heavy Duty Oven Cleaner Aerosol - Regular Scent,Reckitt Benckiser LLC,7/5/2023 12:00:00 AM,9/14/2020 12:00:00 AM,,"3101815 v1.0, Aerosol Can, FF3101815 (D8362392) NA",,138668001,,,2/27/2025,2/27/2025, VelocityEHS,"United States, Globally Harmonized System (GHS) ", ,In Use,English,,Approved,
Lysol Disinfecting Wipes - All Scents,Reckitt Benckiser LLC.,3/11/2026 12:00:00 AM,5/15/2018 12:00:00 AM,,"D8298990 (NA), Lemon Lime Blossom/Citrus: Fill e0062-340/ 8287832 v1 (PMX. e0038-391A / 8251139 v1 + Non-woven #8269971 v1;expressed Liquid e0038-391A), 0122215, 019200779258, 8083744",,148011733,,,7/22/2025,2/27/2025, VelocityEHS,"United States, Globally Harmonized System (GHS) ", ,In Use,English,,Approved,
"LYSOL Kitchen Pro Antibacterial Cleaner, LYSOL Kitchen Pro Daily Cleaner",Reckitt Benckiser LLC,2/11/2026 12:00:00 AM,3/16/2020 12:00:00 AM,,"FF e0101-055 (TDS# 8223313)_1.0, FF8223313_D8255287 NA",,141990352,,,2/27/2025,2/27/2025,Mike Mueller,"United States, Globally Harmonized System (GHS) ", ,In Use,English,,Approved,
TARN-X PRO TARNISH REMOVER,"Jelmar, LLC",11/17/2025 12:00:00 AM,7/15/2022 12:00:00 AM,,,,144984852,,,2/27/2025,2/27/2025,Benjamin Goedert,"United States, Globally Harmonized System (GHS) ", ,In Use,English,,Approved,
HAND WASH – Sweet Water,method Products,2/14/2014 12:00:00 AM,7/21/2011 12:00:00 AM,,4016,,141294569,,,2/27/2025,2/27/2025, VelocityEHS,United States , ,In Use,English,,Approved,
FINISH GELPACS - All Scents,Reckitt Benckiser LLC,9/3/2014 12:00:00 AM,4/25/2013 12:00:00 AM,,"FINISH GELPACS - Fresh - 8049722v1.0/8049749v1.0, FINISH GELPACS - Lavender - 8049726v1.0/8049753v1.0, FINISH GELPACS - Orange - 8049723v1.0/8049750v1.0",,147969340,,,2/27/2025,2/27/2025, VelocityEHS,United States , ,In Use,English,,Approved,
FINISH POWERBALL Tabs - All Scents,Reckitt Benckiser LLC,9/13/2016 12:00:00 AM,9/18/2013 12:00:00 AM,,"FINISH POWERBALL Tabs - Fresh - 8032317v1.0, FINISH POWERBALL Tabs - Orange - 8081573v1.0",,148006915,,,2/27/2025,2/27/2025, VelocityEHS,United States , ,In Use,English,,Approved,
The Degreaser,"Spartan Chemical Company, Inc.",4/7/2020 12:00:00 AM,4/7/2020 12:00:00 AM,,4734C,Spartan Chemical Company,151770009,,,3/6/2025,2/21/2025,Jamie Penicook,Canada ,Jamie Penicook,In Use,English,,Approved,
Dawn Professional Heavy Duty Floor Cleaner,Procter & Gamble Professional,5/14/2018 12:00:00 AM,5/14/2018 12:00:00 AM,,4-55,Procter & Gamble,151769999,,,3/6/2025,2/21/2025,Jamie Penicook,"United States, Canada, Globally Harmonized System (GHS) ",Jamie Penicook,In Use,English,,Approved,
Oil-Based Stainless Steel Polish,NORTH AMERICAN CORP,10/24/2014 12:00:00 AM,10/24/2014 12:00:00 AM,,1000002508,North American Corporation of Illinois,151769981,,,3/6/2025,2/21/2025,Jamie Penicook,"United States, Globally Harmonized System (GHS) ",Jamie Penicook,In Use,English,,Approved,
Super HDQL 10 Disinfectant Cleaner,"Spartan Chemical Company, Inc.",9/16/2019 12:00:00 AM,9/16/2019 12:00:00 AM,,,Spartan Chemical Company,151769970,,,3/6/2025,2/21/2025,Jamie Penicook,"United States, Globally Harmonized System (GHS) ",Jamie Penicook,In Use,English,,Approved,
Austin's A-1 Ultra Disinfecting Bleach,James Austin Company,6/24/2016 12:00:00 AM,6/15/2015 12:00:00 AM,7681-52-9,"54200-00027, 54200-00028, 54200-00040, 90000270, 90000400",,46942863,,,2/21/2025,2/21/2025,Carolina MSDSonline,"United States, Globally Harmonized System (GHS) ", ,In Use,English,,Approved,
FABULOSO ALL PURPOSE CLEANER LIQUID LAVENDER B02901340107,Colgate-Palmolive Canada Inc.,7/23/2024 12:00:00 AM,3/18/2020 12:00:00 AM,,200000051086,,141295433,,,2/21/2025,2/21/2025, VelocityEHS,"United States, Canada, Globally Harmonized System (GHS) ", ,In Use,English,,Approved,
Dawn Professional Dish Detergent,Procter & Gamble Professional,2/11/2022 12:00:00 AM,5/2/2012 12:00:00 AM,,95121663,,149589279,,,2/21/2025,2/21/2025,Nathan Harrington,"United States, Globally Harmonized System (GHS) ", ,In Use,English,,Approved,
AJAX CLEANER POWDER-OXYGEN BLEACH,Colgate-Palmolive Company,12/24/2020 12:00:00 AM,12/15/2015 12:00:00 AM,,"42784, 035000042781",,147972231,,,2/21/2025,2/21/2025, VelocityEHS,"United States, Globally Harmonized System (GHS) ", ,In Use,English,,Approved,
TRIBASE MULTI PURPOSE CLEANER,"Spartan Chemical Company, Inc.",4/24/2025 12:00:00 AM,1/8/2025 12:00:00 AM,"7732-18-5, 68515-73-1,26183-52-8,27252-75-1,110615-47-9,61791-10-4,164462-16-2,68439-50-9,77-92-9,18479-58-8,2634-33-5,2682-20-4,1934-21-0,26172-55-4,25956-17-6",3830,"Spartan Chemical Company, Inc.",151669354,,,2/21/2025,2/21/2025,Jamie Penicook,"United States, Globally Harmonized System (GHS) ", ,In Use,English,,Approved,
6BR SENSOR SAFE BLUE SILICONE RTV 3 OZ,ITW Permatex,2/17/2025 12:00:00 AM,6/4/2024 12:00:00 AM,,"80022, 68622680220",,151079969,,,11/18/2024,11/18/2024, VelocityEHS,"United States, Canada, Globally Harmonized System (GHS) ", ,In Use,English,,Approved,
Avista 200,Avista Technologies Inc,10/30/2023 12:00:00 AM,10/30/2023 12:00:00 AM,,,Avista Technologies Inc,150692827,,,10/4/2024,10/3/2024,Jamie Penicook,"United States, Globally Harmonized System (GHS) ",Jamie Penicook,In Use,English,,Approved,
PLUG-N-SEAL Patching Paste (Standard Formula and Low Temperature Formula),NEW PIG CORPORATION,10/16/2013 12:00:00 AM,3/15/2013 12:00:00 AM,,,,46989190,36964,,5/23/2024,5/23/2024,Carolina MSDSonline,"United States, Globally Harmonized System (GHS) ", ,In Use,English,,Approved,
SURFACE CLEANER 3,Carboline Company,10/17/2023 12:00:00 AM,12/6/2019 12:00:00 AM,,0400S1NL,,50757603,,,5/21/2024,5/21/2024,Carolina Ayala,"United States, Globally Harmonized System (GHS) ", ,In Use,English,,Approved,
SUPER AGITENE 141,GrayMills Corporation,8/30/2025 12:00:00 AM,6/18/2018 12:00:00 AM,64742-47-8,,,49279978,,,5/21/2024,5/21/2024,Carolina Ayala,"United States, Globally Harmonized System (GHS) ", ,In Use,English,,Approved,
"Lead-Acid Battery, Wet",EnerSys,4/10/2026 12:00:00 AM,2/20/2024 12:00:00 AM,,,,149301611,,,1/23/2026,5/13/2024,Connie Muncy,"United States, Globally Harmonized System (GHS) ", ,In Use,English,,Approved,
Slic-Tite Paste with PTFE,"LA-CO INDUSTRIES, INC.",2/13/2026 12:00:00 AM,2/8/2024 12:00:00 AM,,,,149138996,,,4/13/2026,4/19/2024,Connie Muncy,"United States, Canada, Globally Harmonized System (GHS) ", ,In Use,English,,Approved,
Mirachem Alkaline Cabinet Wash (Use Dilution),Mirachem LLC,3/26/2024 12:00:00 AM,1/27/2023 12:00:00 AM,,2404.04,,149048790,,,4/8/2024,4/8/2024,Connie Muncy,"United States, Globally Harmonized System (GHS) ", ,In Use,English,,Approved,
Simple Green Industrial Cleaner & Degreaser,"Sunshine Makers, Inc.",10/8/2025 12:00:00 AM,3/12/2024 12:00:00 AM,,"043318130229, 043318000034, 043318130328, 043318000003, 043318001253, 043318480416, 043318000003, 043318000041, 043318000010, 043318000027, 043318000225, 043318130663, 0433180000102",,148963052,,,2/27/2026,4/2/2024,Michael Maine,"United States, Globally Harmonized System (GHS) ", ,In Use,English,,Approved,
DAMP MOP,"Spartan Chemical Company, Inc.",4/15/2026 12:00:00 AM,1/23/2024 12:00:00 AM,,"3016, 753727014279",,148572902,,,9/30/2024,2/12/2024,Connie Muncy,"United States, Globally Harmonized System (GHS) ", ,In Use,English,,Approved,
"CITGO No. 2 Diesel Fuel, All Grades, Low Sulfur",CITGO Petroleum Corporation,1/7/2026 12:00:00 AM,8/17/2023 12:00:00 AM,,,,148228218,,,3/4/2026,1/3/2024,Carolina Ayala,"United States, Globally Harmonized System (GHS) ", ,In Use,English,,Approved,
DOWFROST Heat Transfer Fluid,The Dow Chemical Company,8/21/2024 12:00:00 AM,7/13/2021 12:00:00 AM,57-55-6,38707,,148067253,,,12/13/2023,12/13/2023,Jamie Penicook,"United States, Globally Harmonized System (GHS) ", ,In Use,English,,Approved,
"Skilcraft Power Duster II, 10 oz",LHB INDUSTRIES,2/13/2026 12:00:00 AM,3/13/2023 12:00:00 AM,811-97-2,"0894-011, 0894-014, 6850-01-517-1506, 6850-01-412-0040",,145923688,,,4/18/2023,4/18/2023,Connie Muncy,"United States, Globally Harmonized System (GHS) ", ,In Use,English,,Approved,
Non-Spillable Lead Acid Battery,EnerSys,4/1/2026 12:00:00 AM,1/10/2023 12:00:00 AM,,,,145631473,,,12/4/2023,3/20/2023,Connie Muncy,"United States, Globally Harmonized System (GHS) ", ,In Use,English,,Approved,
Citrisurf 2310,Stellar Solutions Inc,8/1/2020 12:00:00 AM,8/1/2020 12:00:00 AM,77-92-9,,,145266282,,,1/31/2023,1/30/2023,Jamie Penicook,"United States, Globally Harmonized System (GHS) ",Jamie Penicook,In Use,English,,Approved,
Propylene Glycol USP/EP,"Univar Solutions USA, Inc.",9/1/2019 12:00:00 AM,9/1/2019 12:00:00 AM,57-55-6,"16118017, 16118016, 16118015","Univar Solutions USA, Inc.",143979816,,,8/29/2022,8/26/2022,Jamie Penicook,"United States, Globally Harmonized System (GHS) ",Jamie Penicook,In Use,English,,Approved,
MOBIL DTE OIL MEDIUM,Exxon Mobil Corporation,4/4/2024 12:00:00 AM,1/16/2020 12:00:00 AM,,"201560501570, 600155-00, 970391, 600155, 6001558000, 98K995, 1039078000, ISO 46",,50262286,O-0689,,12/4/2023,8/25/2022,Derek Penny,"United States, Globally Harmonized System (GHS) ", ,In Use,English,,Approved,
MOBIL DTE 746,Exxon Mobil Corporation,2/1/2024 12:00:00 AM,1/3/2020 12:00:00 AM,,"201560302017, 607226-00, 97AS86",,51769717,,,8/25/2022,8/25/2022,Connie Muncy,"United States, Globally Harmonized System (GHS) ", ,In Use,English,,Approved,
MOBIL DELVAC 1300 SUPER 15W-40,Exxon Mobil Corporation,4/16/2024 12:00:00 AM,11/19/2021 12:00:00 AM,,"201520403560, 440693-00, 970529, 071924448193, 1126908001",,141544561,,,12/1/2025,8/25/2022, VelocityEHS,"United States, Globally Harmonized System (GHS) ", ,In Use,English,,Approved,
SODIUM HYPOCHLORITE 12.5%,"Brenntag Pacific, Inc.",10/16/2019 12:00:00 AM,10/16/2019 12:00:00 AM,,,,49279574,,,1/11/2022,1/11/2022,Carolina Ayala,"United States, Globally Harmonized System (GHS) ", ,In Use,English,,Approved,
SODIUM BISULFITE SOLUTION,UNIVAR,1/9/2015 12:00:00 AM,1/9/2015 12:00:00 AM,7631-90 -5,,,50795603,,,1/11/2022,1/11/2022,Carolina MSDSonline,"United States, Canada, Globally Harmonized System (GHS) ", ,In Use,English,,Approved,
MOBIL SHC 630,Exxon Mobil Corporation,4/15/2024 12:00:00 AM,4/28/2021 12:00:00 AM,,"201560500550, 602953-00, 970782, 241080, 110843, 1108435001, 6029535000, 110844, 1108448001",Exxon Mobil Corporation,139355915,O-0703,,8/28/2024,8/25/2022, VelocityEHS,"United States, Globally Harmonized System (GHS) ", ,In Use,English,,Approved,
MOBIL SHC 632,Exxon Mobil Corporation,4/4/2024 12:00:00 AM,4/28/2021 12:00:00 AM,,"201560500560, 602987-00, 970854, 6029875000, 110847, 1108478001",,139502100,,,12/13/2023,8/25/2022, VelocityEHS,"United States, Globally Harmonized System (GHS) ", ,In Use,English,,Approved,
MOBIL SHC RARUS 68,Exxon Mobil Corporation,2/27/2024 12:00:00 AM,9/27/2019 12:00:00 AM,,"201560201065, 608778-60, 97AV56",,143976489,,,8/25/2022,8/25/2022,Kelsey Czajkowsk,"United States, Globally Harmonized System (GHS) ", ,In Use,English,,Approved,
MOBIL DTE OIL LIGHT,Ampol Australia Petroleum Pty Ltd,10/6/2021 12:00:00 AM,10/6/2021 12:00:00 AM,,"201560501560, 600148-85",,143976480,,,8/25/2022,8/25/2022,Kelsey Czajkowsk,Globally Harmonized System (GHS) , ,In Use,English,,Approved,
MOBIL DTE 732 M2,ExxonMobil Lubricants Private Limited,11/20/2019 12:00:00 AM,1/4/2019 12:00:00 AM,,201560302045,,143976471,,,8/25/2022,8/25/2022,Kelsey Czajkowsk,Globally Harmonized System (GHS) , ,In Use,English,,Approved,
Tap Magic PROTAP Liquid,Steco Corporation,1/22/2025 12:00:00 AM,7/1/2017 12:00:00 AM,,,,51195935,,,7/5/2022,7/5/2022,Carolina Ayala,"United States, Canada, Globally Harmonized System (GHS) ", ,In Use,English,,Approved,
BRAKLEEN BRAKE PARTS CLEANER - 14 OZ,"CRC Industries, Inc.",3/6/2020 12:00:00 AM,3/6/2020 12:00:00 AM,,"05084, 1003696,  991/1002986, 5YK76",,143458085,,,6/23/2022,6/23/2022,Kelsey Czajkowsk,"United States, Globally Harmonized System (GHS) ", ,In Use,English,,Approved,
Super-Soy Degreaser,"CRC Industries, Inc.",5/11/2021 12:00:00 AM,5/8/2017 12:00:00 AM,,"03135, 699A",,140239056,,,8/28/2024,6/23/2022,Jimmy Hendricks,"United States, Globally Harmonized System (GHS) ", ,In Use,English,,Approved,
Iron OUT (liquid),Iron Out / Summit Brands,3/19/2025 12:00:00 AM,12/15/2020 12:00:00 AM,,,,141292694,,,5/16/2022,5/16/2022, VelocityEHS,"United States, Canada, Globally Harmonized System (GHS) ", ,In Use,English,,Approved,
CAUSTIC SODA 50%,UNIVAR,5/3/2021 12:00:00 AM,6/6/2017 12:00:00 AM,,,UNIVAR,46793616,,,8/9/2023,4/7/2022,Carolina MSDSonline,"United States, Globally Harmonized System (GHS) ", ,In Use,English,,Approved,
HYPERSPERSE MDC708,"SUEZ WTS USA, Inc.",2/21/2018 12:00:00 AM,12/18/2017 12:00:00 AM,,,,142745600,,,4/7/2022,4/7/2022,Kelsey Czajkowsk,"United States, Globally Harmonized System (GHS) ", ,In Use,English,,Approved,
OPTISPERSE ADJ0350,SUEZ Water Technologies & Solutions Canada,1/4/2022 12:00:00 AM,5/27/2018 12:00:00 AM,,,,142745560,,,4/7/2022,4/7/2022,Kelsey Czajkowsk,"United States, Canada, Globally Harmonized System (GHS) ", ,In Use,English,,Approved,
FYRQUEL EHC-N,ICL-IP America Inc.,3/28/2023 12:00:00 AM,5/30/2018 12:00:00 AM,,7071E,,51196506,,,3/31/2022,3/31/2022,Carolina Ayala,"United States, Canada, Globally Harmonized System (GHS) ", ,In Use,English,,Approved,
WINDEX GLASS CLEANER (RTU),"Drackett Professional - A Division of S.C. Johnson Commercial Markets, Inc.",12/19/2024 12:00:00 AM,4/8/2003 12:00:00 AM,,90122 & 90135 & 90139 & 90940 & 94099,,142585625,,,4/1/2022,3/31/2022,Kelsey Czajkowsk,United States , ,In Use,English,,Approved,
FOAMY Q&A,"Spartan Chemical Company, Inc.",2/18/2026 12:00:00 AM,2/28/2020 12:00:00 AM,,3200; 3202,,50736340,,,12/13/2023,3/31/2022,Michael Joyce,"United States, Globally Harmonized System (GHS) ", ,In Use,English,,Approved,
Vitec 8200,Avista Technologies Inc,10/19/2018 12:00:00 AM,10/19/2018 12:00:00 AM,,,,142554943,,,3/31/2022,3/31/2022,Jamie Penicook,"United States, European Union, Globally Harmonized System (GHS) ",Jamie Penicook,In Use,English,,Approved,
GORILLA SEALANT,The Gorilla Glue Company,1/4/2023 12:00:00 AM,9/22/2015 12:00:00 AM,,"49UU20, 49UU21, 49UU22",,142497330,,,3/25/2022,3/25/2022,Kelsey Czajkowsk,"United States, Globally Harmonized System (GHS) ", ,In Use,English,,Approved,
66BR CLEAR RTV SILICONE ADHESIVE SEALANT 3 OZ,PERMATEX,6/1/2011 12:00:00 AM,6/1/2011 12:00:00 AM,,"2GXY5, 80050",,142497323,,,3/25/2022,3/25/2022,Kelsey Czajkowsk,United States , ,In Use,English,,Approved,
"3M Wire Pulling Lubricant Wax Series (WLX-QT, WLX-1, WLX-5)",3M - Electrical Markets Division,11/26/2025 12:00:00 AM,4/30/2021 12:00:00 AM,,"07-3208-1, 80-6108-3364-4, 80-6108-3366-9, 80-6108-3365-1, 80-6114-9094-9, 00-54007-41742-2, 00-54007-41744-6, 00-54007-41743-9, 7100026918, 7000006087, 7000006088",,142497316,,,3/25/2022,3/25/2022,Kelsey Czajkowsk,"United States, Globally Harmonized System (GHS) ", ,In Use,English,,Approved,
LOCTITE 567 TB 50ML EN,Henkel Corporation,9/3/2020 12:00:00 AM,10/8/2015 12:00:00 AM,,"49CR86, 2087067",,142497309,,,3/25/2022,3/25/2022,Kelsey Czajkowsk,"United States, Globally Harmonized System (GHS) ", ,In Use,English,,Approved,
"Lead Acid Battery, Wet",BAE Batterien GmbH,4/7/2025 12:00:00 AM,3/12/2019 12:00:00 AM,,,,141734124,,,1/23/2026,1/17/2022,Kelsey Czajkowsk,"United States, Globally Harmonized System (GHS) ", ,In Use,English,,Approved,
Amino Acid F Reagent,Hach Company,12/27/2018 12:00:00 AM,12/27/2018 12:00:00 AM,,2254069,Arachem (M) Sdn Bhd,50649309,,,1/11/2022,1/11/2022,Carolina MSDSonline,Globally Harmonized System (GHS) , ,In Use,English,,Approved,
Enforcer Instant Knockdown Wasp & Hornet Killer,"Zep Commercial Sales & Service, a unit of Zep, Inc.",10/27/2025 12:00:00 AM,7/6/2018 12:00:00 AM,,EWHIK16,,48569176,,,1/11/2022,1/11/2022,Carolina MSDSonline,"United States, Globally Harmonized System (GHS) ", ,In Use,English,,Approved,
Electrical Parts Cleaner,"CRC Industries, Inc.",8/6/2025 12:00:00 AM,10/25/2017 12:00:00 AM,,"02180, 1003236, 491G/1002481",,49034999,,,11/12/2024,1/11/2022,Carolina MSDSonline,"United States, Globally Harmonized System (GHS) ", ,In Use,English,,Approved,
Steel Reinforced Epoxy Resin - Twin Tube - Part A,J-B WELD COMPANY,9/3/2025 12:00:00 AM,6/15/2018 12:00:00 AM,,"8265, 8265S, 8265H, 80165, 8280, 8281, 8272, 8276, 80176, 8270, 8271, 8276H",,50648964,,,1/11/2022,1/11/2022,Carolina MSDSonline,"United States, Globally Harmonized System (GHS) ", ,In Use,English,,Approved,
Tap Magic EP-Xtra,Steco Corporation,9/11/2024 12:00:00 AM,7/16/2015 12:00:00 AM,,"10004E, 10016E, 10128E, 10640E, 13840E, 17040E, 662387100164",,46187432,,,8/28/2024,1/10/2022,Carolina MSDSonline,"United States, Globally Harmonized System (GHS) ", ,In Use,English,,Approved,
Heavy Duty Degreaser II - 15 oz,"CRC Industries, Inc.",10/22/2025 12:00:00 AM,2/16/2021 12:00:00 AM,,"03120, 1003398, 490C/1002479",,139524747,,,1/10/2022,1/10/2022,Amy Forstner,"United States, Globally Harmonized System (GHS) ", ,In Use,English,,Approved,
Goof Off Professional Strength VOC Compliant,W. M. Barr,2/12/2025 12:00:00 AM,6/7/2018 12:00:00 AM,,"FG603, FG603BULK, FG612, FG650, FG650SK, FG650LWS, FG650LDS, FG651, FG651BULK, FG651BULK2, FG651BULK3, FG653, FG653B, FG653BBLK, FG654, FG654BWS, FG654LWS, FG655B, FG655BUL, FG655BWS, FG657, FG683, FG690, FG750, 2410B.4, FG661, FG661CAN, FG631",,139560388,,,1/10/2022,1/10/2022, VelocityEHS,"United States, Globally Harmonized System (GHS) ", ,In Use,English,,Approved,
GOJO SCRUBBING TOWELS,"GOJO Industries, Inc.",2/10/2015 12:00:00 AM,2/10/2015 12:00:00 AM,,"2DHD4, 2FPN1, 31HJ74, 31HJ75, 31HJ76, 31HJ77",,46994738,,,1/10/2022,1/10/2022,Carolina MSDSonline,"United States, Globally Harmonized System (GHS) ", ,In Use,English,,Approved,
"GRAINGER -15118, SUPER GLUE 20G, BOTTLE",Pacer Technology,10/30/2014 12:00:00 AM,10/30/2014 12:00:00 AM,,3EHP1,,47000041,,,1/10/2022,1/10/2022,Carolina MSDSonline,"United States, Canada, Globally Harmonized System (GHS) ", ,In Use,English,,Approved,
Foaming Crystal Simple Green Industrial Cleaner & Degreaser,"Sunshine Makers, Inc.",2/24/2026 12:00:00 AM,2/23/2021 12:00:00 AM,,043318000157,,138987422,,,1/10/2022,1/10/2022, VelocityEHS,"United States, Globally Harmonized System (GHS) ", ,In Use,English,,Approved,
